pid,title,label,category,collection,layout,order,permalink
abundance,Tag: Abundance,Abundance,Allegory/Proverbs and Allegory,worktags_pieterbruegel,tagpage_pieterbruegel,,/pieterbruegel/tags/abundance/
angels,Tag: Angels,Angels,Religious,worktags_pieterbruegel,tagpage_pieterbruegel,,/pieterbruegel/tags/angels/
antwerp,Tag: Antwerp,Antwerp,Locations,worktags_pieterbruegel,tagpage_pieterbruegel,,/pieterbruegel/tags/antwerp/
apocalyptic,Tag: Apocalyptic,Apocalyptic,Allegory/Proverbs and Allegory,worktags_pieterbruegel,tagpage_pieterbruegel,,/pieterbruegel/tags/apocalyptic/
apostles,Tag: Apostles,Apostles,Religious,worktags_pieterbruegel,tagpage_pieterbruegel,,/pieterbruegel/tags/apostles/
archangel-michael,Tag: Archangel Michael,Archangel Michael,Religious,worktags_pieterbruegel,tagpage_pieterbruegel,,/pieterbruegel/tags/archangel-michael/
archduke-ernst,Tag: Archduke Ernst,Archduke Ernst,Collectors,worktags_pieterbruegel,tagpage_pieterbruegel,,/pieterbruegel/tags/archduke-ernst/
armor,Tag: Armor,Armor,Things,worktags_pieterbruegel,tagpage_pieterbruegel,,/pieterbruegel/tags/armor/
autumn,Tag: Autumn,Autumn,Allegory/Proverbs and Allegory,worktags_pieterbruegel,tagpage_pieterbruegel,,/pieterbruegel/tags/autumn/
balance,Tag: Balance,Balance,Things,worktags_pieterbruegel,tagpage_pieterbruegel,,/pieterbruegel/tags/balance/
barn,Tag: Barn,Barn,Architecture,worktags_pieterbruegel,tagpage_pieterbruegel,,/pieterbruegel/tags/barn/
basket,Tag: Basket,Basket,Containers,worktags_pieterbruegel,tagpage_pieterbruegel,,/pieterbruegel/tags/basket/
battle,Tag: Battle,Battle,Activities,worktags_pieterbruegel,tagpage_pieterbruegel,,/pieterbruegel/tags/battle/
beggars,Tag: Beggars,Beggars,Persons/figures,worktags_pieterbruegel,tagpage_pieterbruegel,,/pieterbruegel/tags/beggars/
bethlehem,Tag: Bethlehem,Bethlehem,Locations,worktags_pieterbruegel,tagpage_pieterbruegel,,/pieterbruegel/tags/bethlehem/
biblical,Tag: Biblical,Biblical,Religious,worktags_pieterbruegel,tagpage_pieterbruegel,,/pieterbruegel/tags/biblical/
birds,Tag: Birds,Birds,Animals,worktags_pieterbruegel,tagpage_pieterbruegel,,/pieterbruegel/tags/birds/
boat,Tag: Boat,Boat,Transportation,worktags_pieterbruegel,tagpage_pieterbruegel,,/pieterbruegel/tags/boat/
book-of-revelation,Tag: Book of Revelation,Book of Revelation,Religious,worktags_pieterbruegel,tagpage_pieterbruegel,,/pieterbruegel/tags/book-of-revelation/
books,Tag: Books,Books,Things,worktags_pieterbruegel,tagpage_pieterbruegel,,/pieterbruegel/tags/books/
borromeo,Tag: Borromeo,Borromeo,Collectors,worktags_pieterbruegel,tagpage_pieterbruegel,,/pieterbruegel/tags/borromeo/
bosch,Tag: Bosch,Bosch,Associated artists,worktags_pieterbruegel,tagpage_pieterbruegel,,/pieterbruegel/tags/bosch/
bowl,Tag: Bowl,Bowl,Containers,worktags_pieterbruegel,tagpage_pieterbruegel,,/pieterbruegel/tags/bowl/
bridge,Tag: Bridge,Bridge,Architecture,worktags_pieterbruegel,tagpage_pieterbruegel,,/pieterbruegel/tags/bridge/
burghers,Tag: Burghers,Burghers,Persons/figures,worktags_pieterbruegel,tagpage_pieterbruegel,,/pieterbruegel/tags/burghers/
castle,Tag: Castle,Castle,Architecture,worktags_pieterbruegel,tagpage_pieterbruegel,,/pieterbruegel/tags/castle/
catastrophe,Tag: Catastrophe,Catastrophe,Allegory/Proverbs and Allegory,worktags_pieterbruegel,tagpage_pieterbruegel,,/pieterbruegel/tags/catastrophe/
cattle,Tag: Cattle,Cattle,Animals,worktags_pieterbruegel,tagpage_pieterbruegel,,/pieterbruegel/tags/cattle/
chaos,Tag: Chaos,Chaos,Activities,worktags_pieterbruegel,tagpage_pieterbruegel,,/pieterbruegel/tags/chaos/
charity,Tag: Charity,Charity,Activities,worktags_pieterbruegel,tagpage_pieterbruegel,,/pieterbruegel/tags/charity/
children,Tag: Children,Children,Persons/figures,worktags_pieterbruegel,tagpage_pieterbruegel,,/pieterbruegel/tags/children/
christ,Tag: Christ,Christ,Religious,worktags_pieterbruegel,tagpage_pieterbruegel,,/pieterbruegel/tags/christ/
church,Tag: Church,Church,Architecture,worktags_pieterbruegel,tagpage_pieterbruegel,,/pieterbruegel/tags/church/
city,Tag: City,City,Architecture,worktags_pieterbruegel,tagpage_pieterbruegel,,/pieterbruegel/tags/city/
cliff,Tag: Cliff,Cliff,Landscape features,worktags_pieterbruegel,tagpage_pieterbruegel,,/pieterbruegel/tags/cliff/
clock,Tag: Clock,Clock,Things,worktags_pieterbruegel,tagpage_pieterbruegel,,/pieterbruegel/tags/clock/
coast,Tag: Coast,Coast,Landscape features,worktags_pieterbruegel,tagpage_pieterbruegel,,/pieterbruegel/tags/coast/
coins,Tag: Coins,Coins,Things,worktags_pieterbruegel,tagpage_pieterbruegel,,/pieterbruegel/tags/coins/
commerce,Tag: Commerce,Commerce,Activities,worktags_pieterbruegel,tagpage_pieterbruegel,,/pieterbruegel/tags/commerce/
creatures,Tag: Creatures,Creatures,Animals,worktags_pieterbruegel,tagpage_pieterbruegel,,/pieterbruegel/tags/creatures/
cripples,Tag: Cripples,Cripples,Persons/figures,worktags_pieterbruegel,tagpage_pieterbruegel,,/pieterbruegel/tags/cripples/
crosse,Tag: Crosse,Crosse,Religious,worktags_pieterbruegel,tagpage_pieterbruegel,,/pieterbruegel/tags/crosse/
crowd,Tag: Crowd,Crowd,Persons/figures,worktags_pieterbruegel,tagpage_pieterbruegel,,/pieterbruegel/tags/crowd/
cup,Tag: Cup,Cup,Things,worktags_pieterbruegel,tagpage_pieterbruegel,,/pieterbruegel/tags/cup/
dancing,Tag: Dancing,Dancing,Activities,worktags_pieterbruegel,tagpage_pieterbruegel,,/pieterbruegel/tags/dancing/
death,Tag: Death,Death,Allegory/Proverbs and Allegory,worktags_pieterbruegel,tagpage_pieterbruegel,,/pieterbruegel/tags/death/
demons,Tag: Demons,Demons,Religious,worktags_pieterbruegel,tagpage_pieterbruegel,,/pieterbruegel/tags/demons/
dog,Tag: Dog,Dog,Animals,worktags_pieterbruegel,tagpage_pieterbruegel,,/pieterbruegel/tags/dog/
donkey,Tag: Donkey,Donkey,Activities,worktags_pieterbruegel,tagpage_pieterbruegel,,/pieterbruegel/tags/donkey/
durer,Tag: Dürer,Dürer,Associated artists,worktags_pieterbruegel,tagpage_pieterbruegel,,/pieterbruegel/tags/durer/
eating-drinking,Tag: Eating/Drinking,Eating/Drinking,Activities,worktags_pieterbruegel,tagpage_pieterbruegel,,/pieterbruegel/tags/eating-drinking/
eggs,Tag: Eggs,Eggs,Things,worktags_pieterbruegel,tagpage_pieterbruegel,,/pieterbruegel/tags/eggs/
encyclopedic,Tag: Encyclopedic,Encyclopedic,Allegory/Proverbs and Allegory,worktags_pieterbruegel,tagpage_pieterbruegel,,/pieterbruegel/tags/encyclopedic/
everyday-life,Tag: Everyday life,Everyday life,Activities,worktags_pieterbruegel,tagpage_pieterbruegel,,/pieterbruegel/tags/everyday-life/
farm,Tag: Farm,Farm,Architecture,worktags_pieterbruegel,tagpage_pieterbruegel,,/pieterbruegel/tags/farm/
farmers,Tag: Farmers,Farmers,Persons/figures,worktags_pieterbruegel,tagpage_pieterbruegel,,/pieterbruegel/tags/farmers/
farming,Tag: Farming,Farming,Activities,worktags_pieterbruegel,tagpage_pieterbruegel,,/pieterbruegel/tags/farming/
feasting,Tag: Feasting,Feasting,Activities,worktags_pieterbruegel,tagpage_pieterbruegel,,/pieterbruegel/tags/feasting/
field,Tag: Field,Field,Landscape features,worktags_pieterbruegel,tagpage_pieterbruegel,,/pieterbruegel/tags/field/
fire,Tag: Fire,Fire,Landscape features,worktags_pieterbruegel,tagpage_pieterbruegel,,/pieterbruegel/tags/fire/
fish,Tag: Fish,Fish,Animals,worktags_pieterbruegel,tagpage_pieterbruegel,,/pieterbruegel/tags/fish/
fishermen,Tag: Fishermen,Fishermen,Persons/figures,worktags_pieterbruegel,tagpage_pieterbruegel,,/pieterbruegel/tags/fishermen/
fishing,Tag: Fishing,Fishing,Activities,worktags_pieterbruegel,tagpage_pieterbruegel,,/pieterbruegel/tags/fishing/
flag-banner,Tag: Flag/Banner,Flag/Banner,Things,worktags_pieterbruegel,tagpage_pieterbruegel,,/pieterbruegel/tags/flag-banner/
fools,Tag: Fools,Fools,Persons/figures,worktags_pieterbruegel,tagpage_pieterbruegel,,/pieterbruegel/tags/fools/
forest,Tag: Forest,Forest,Landscape features,worktags_pieterbruegel,tagpage_pieterbruegel,,/pieterbruegel/tags/forest/
fortune,Tag: Fortune,Fortune,Allegory/Proverbs and Allegory,worktags_pieterbruegel,tagpage_pieterbruegel,,/pieterbruegel/tags/fortune/
fountain,Tag: Fountain,Fountain,Landscape features,worktags_pieterbruegel,tagpage_pieterbruegel,,/pieterbruegel/tags/fountain/
frans-floris,Tag: Frans Floris,Frans Floris,Associated artists,worktags_pieterbruegel,tagpage_pieterbruegel,,/pieterbruegel/tags/frans-floris/
frans-hogenberg,Tag: Frans Hogenberg,Frans Hogenberg,Associated artists,worktags_pieterbruegel,tagpage_pieterbruegel,,/pieterbruegel/tags/frans-hogenberg/
friars,Tag: Friars,Friars,Persons/figures,worktags_pieterbruegel,tagpage_pieterbruegel,,/pieterbruegel/tags/friars/
fruit,Tag: Fruit,Fruit,Things,worktags_pieterbruegel,tagpage_pieterbruegel,,/pieterbruegel/tags/fruit/
games,Tag: Games,Games,Activities,worktags_pieterbruegel,tagpage_pieterbruegel,,/pieterbruegel/tags/games/
globe,Tag: Globe,Globe,Things,worktags_pieterbruegel,tagpage_pieterbruegel,,/pieterbruegel/tags/globe/
grisaille,Tag: Grisaille,Grisaille,Image types,worktags_pieterbruegel,tagpage_pieterbruegel,,/pieterbruegel/tags/grisaille/
harbor,Tag: Harbor,Harbor,Landscape features,worktags_pieterbruegel,tagpage_pieterbruegel,,/pieterbruegel/tags/harbor/
harvesting,Tag: Harvesting,Harvesting,Activities,worktags_pieterbruegel,tagpage_pieterbruegel,,/pieterbruegel/tags/harvesting/
heaven,Tag: Heaven,Heaven,Religious,worktags_pieterbruegel,tagpage_pieterbruegel,,/pieterbruegel/tags/heaven/
hell-underworld,Tag: Hell/Underworld,Hell/Underworld,Religious,worktags_pieterbruegel,tagpage_pieterbruegel,,/pieterbruegel/tags/hell-underworld/
hellmouthe,Tag: Hellmouthe,Hellmouthe,Religious,worktags_pieterbruegel,tagpage_pieterbruegel,,/pieterbruegel/tags/hellmouthe/
holy-family,Tag: Holy family,Holy family,Religious,worktags_pieterbruegel,tagpage_pieterbruegel,,/pieterbruegel/tags/holy-family/
holy-roman-emperor-rudolf-ii,Tag: Holy Roman Emperor Rudolf II,Holy Roman Emperor Rudolf II,Collectors,worktags_pieterbruegel,tagpage_pieterbruegel,,/pieterbruegel/tags/holy-roman-emperor-rudolf-ii/
horse,Tag: Horse,Horse,Animals,worktags_pieterbruegel,tagpage_pieterbruegel,,/pieterbruegel/tags/horse/
house,Tag: House,House,Architecture,worktags_pieterbruegel,tagpage_pieterbruegel,,/pieterbruegel/tags/house/
household-items,Tag: Household items,Household items,Things,worktags_pieterbruegel,tagpage_pieterbruegel,,/pieterbruegel/tags/household-items/
hunters,Tag: Hunters,Hunters,Persons/figures,worktags_pieterbruegel,tagpage_pieterbruegel,,/pieterbruegel/tags/hunters/
hunting,Tag: Hunting,Hunting,Activities,worktags_pieterbruegel,tagpage_pieterbruegel,,/pieterbruegel/tags/hunting/
infanta-isabella,Tag: Infanta Isabella,Infanta Isabella,Collectors,worktags_pieterbruegel,tagpage_pieterbruegel,,/pieterbruegel/tags/infanta-isabella/
inn,Tag: Inn,Inn,Architecture,worktags_pieterbruegel,tagpage_pieterbruegel,,/pieterbruegel/tags/inn/
insects,Tag: Insects,Insects,Animals,worktags_pieterbruegel,tagpage_pieterbruegel,,/pieterbruegel/tags/insects/
jewels,Tag: Jewels,Jewels,Things,worktags_pieterbruegel,tagpage_pieterbruegel,,/pieterbruegel/tags/jewels/
john-the-baptist,Tag: John the Baptist,John the Baptist,Religious,worktags_pieterbruegel,tagpage_pieterbruegel,,/pieterbruegel/tags/john-the-baptist/
john-the-evangelist,Tag: John the Evangelist,John the Evangelist,Religious,worktags_pieterbruegel,tagpage_pieterbruegel,,/pieterbruegel/tags/john-the-evangelist/
jongelinck,Tag: Jongelinck,Jongelinck,Collectors,worktags_pieterbruegel,tagpage_pieterbruegel,,/pieterbruegel/tags/jongelinck/
knight,Tag: Knight,Knight,Persons/figures,worktags_pieterbruegel,tagpage_pieterbruegel,,/pieterbruegel/tags/knight/
ladders,Tag: Ladders,Ladders,Things,worktags_pieterbruegel,tagpage_pieterbruegel,,/pieterbruegel/tags/ladders/
lake,Tag: Lake,Lake,Landscape features,worktags_pieterbruegel,tagpage_pieterbruegel,,/pieterbruegel/tags/lake/
landing-stage,Tag: Landing stage,Landing stage,Landscape features,worktags_pieterbruegel,tagpage_pieterbruegel,,/pieterbruegel/tags/landing-stage/
landscape,Tag: Landscape,Landscape,Secondary genres,worktags_pieterbruegel,tagpage_pieterbruegel,,/pieterbruegel/tags/landscape/
lantern,Tag: Lantern,Lantern,Things,worktags_pieterbruegel,tagpage_pieterbruegel,,/pieterbruegel/tags/lantern/
lust,Tag: Lust,Lust,Allegory/Proverbs and Allegory,worktags_pieterbruegel,tagpage_pieterbruegel,,/pieterbruegel/tags/lust/
market,Tag: Market,Market,Activities,worktags_pieterbruegel,tagpage_pieterbruegel,,/pieterbruegel/tags/market/
mary-magdalenee,Tag: Mary Magdalenee,Mary Magdalenee,Religious,worktags_pieterbruegel,tagpage_pieterbruegel,,/pieterbruegel/tags/mary-magdalenee/
merchants,Tag: Merchants,Merchants,Persons/figures,worktags_pieterbruegel,tagpage_pieterbruegel,,/pieterbruegel/tags/merchants/
mirrors,Tag: Mirrors,Mirrors,Things,worktags_pieterbruegel,tagpage_pieterbruegel,,/pieterbruegel/tags/mirrors/
moneybox,Tag: Moneybox,Moneybox,Things,worktags_pieterbruegel,tagpage_pieterbruegel,,/pieterbruegel/tags/moneybox/
monkey,Tag: Monkey,Monkey,Animals,worktags_pieterbruegel,tagpage_pieterbruegel,,/pieterbruegel/tags/monkey/
moralizing,Tag: Moralizing,Moralizing,Allegory/Proverbs and Allegory,worktags_pieterbruegel,tagpage_pieterbruegel,,/pieterbruegel/tags/moralizing/
mountain,Tag: Mountain,Mountain,Landscape features,worktags_pieterbruegel,tagpage_pieterbruegel,,/pieterbruegel/tags/mountain/
musical-instruments,Tag: Musical instruments,Musical instruments,Things,worktags_pieterbruegel,tagpage_pieterbruegel,,/pieterbruegel/tags/musical-instruments/
new-testament,Tag: New Testament,New Testament,Religious,worktags_pieterbruegel,tagpage_pieterbruegel,,/pieterbruegel/tags/new-testament/
non-westerners,Tag: Non-Westerners,Non-Westerners,Persons/figures,worktags_pieterbruegel,tagpage_pieterbruegel,,/pieterbruegel/tags/non-westerners/
nude,Tag: Nude,Nude,Persons/figures,worktags_pieterbruegel,tagpage_pieterbruegel,,/pieterbruegel/tags/nude/
old-testament,Tag: Old Testament,Old Testament,Religious,worktags_pieterbruegel,tagpage_pieterbruegel,,/pieterbruegel/tags/old-testament/
ortelius,Tag: Ortelius,Ortelius,Collectors,worktags_pieterbruegel,tagpage_pieterbruegel,,/pieterbruegel/tags/ortelius/
peacock,Tag: Peacock,Peacock,Animals,worktags_pieterbruegel,tagpage_pieterbruegel,,/pieterbruegel/tags/peacock/
peasants,Tag: Peasants,Peasants,Persons/figures,worktags_pieterbruegel,tagpage_pieterbruegel,,/pieterbruegel/tags/peasants/
performers,Tag: Performers,Performers,Persons/figures,worktags_pieterbruegel,tagpage_pieterbruegel,,/pieterbruegel/tags/performers/
peter,Tag: Peter,Peter,Religious,worktags_pieterbruegel,tagpage_pieterbruegel,,/pieterbruegel/tags/peter/
pharisees,Tag: Pharisees,Pharisees,Religious,worktags_pieterbruegel,tagpage_pieterbruegel,,/pieterbruegel/tags/pharisees/
pieter-the-younger,Tag: Pieter the Younger,Pieter the Younger,Associated artists,worktags_pieterbruegel,tagpage_pieterbruegel,,/pieterbruegel/tags/pieter-the-younger/
preaching,Tag: Preaching,Preaching,Activities,worktags_pieterbruegel,tagpage_pieterbruegel,,/pieterbruegel/tags/preaching/
priests,Tag: Priests,Priests,Persons/figures,worktags_pieterbruegel,tagpage_pieterbruegel,,/pieterbruegel/tags/priests/
prisoners,Tag: Prisoners,Prisoners,Persons/figures,worktags_pieterbruegel,tagpage_pieterbruegel,,/pieterbruegel/tags/prisoners/
proverbs,Tag: Proverbs,Proverbs,Allegory/Proverbs and Allegory,worktags_pieterbruegel,tagpage_pieterbruegel,,/pieterbruegel/tags/proverbs/
purgatorye,Tag: Purgatorye,Purgatorye,Religious,worktags_pieterbruegel,tagpage_pieterbruegel,,/pieterbruegel/tags/purgatorye/
resting,Tag: Resting,Resting,Activities,worktags_pieterbruegel,tagpage_pieterbruegel,,/pieterbruegel/tags/resting/
river,Tag: River,River,Landscape features,worktags_pieterbruegel,tagpage_pieterbruegel,,/pieterbruegel/tags/river/
road,Tag: Road,Road,Transportation,worktags_pieterbruegel,tagpage_pieterbruegel,,/pieterbruegel/tags/road/
robbery,Tag: Robbery,Robbery,Activities,worktags_pieterbruegel,tagpage_pieterbruegel,,/pieterbruegel/tags/robbery/
rooster,Tag: Rooster,Rooster,Animals,worktags_pieterbruegel,tagpage_pieterbruegel,,/pieterbruegel/tags/rooster/
rosary,Tag: Rosary,Rosary,Things,worktags_pieterbruegel,tagpage_pieterbruegel,,/pieterbruegel/tags/rosary/
rubens,Tag: Rubens,Rubens,Associated artists,worktags_pieterbruegel,tagpage_pieterbruegel,,/pieterbruegel/tags/rubens/
ruins,Tag: Ruins,Ruins,Architecture,worktags_pieterbruegel,tagpage_pieterbruegel,,/pieterbruegel/tags/ruins/
sailors,Tag: Sailors,Sailors,Persons/figures,worktags_pieterbruegel,tagpage_pieterbruegel,,/pieterbruegel/tags/sailors/
saint,Tag: Saint,Saint,Religious,worktags_pieterbruegel,tagpage_pieterbruegel,,/pieterbruegel/tags/saint/
scheldt-river,Tag: Scheldt River,Scheldt River,Locations,worktags_pieterbruegel,tagpage_pieterbruegel,,/pieterbruegel/tags/scheldt-river/
schongauer,Tag: Schongauer,Schongauer,Associated artists,worktags_pieterbruegel,tagpage_pieterbruegel,,/pieterbruegel/tags/schongauer/
sculpture,Tag: Sculpture,Sculpture,Things,worktags_pieterbruegel,tagpage_pieterbruegel,,/pieterbruegel/tags/sculpture/
sea,Tag: Sea,Sea,Landscape features,worktags_pieterbruegel,tagpage_pieterbruegel,,/pieterbruegel/tags/sea/
seasons,Tag: Seasons,Seasons,Allegory/Proverbs and Allegory,worktags_pieterbruegel,tagpage_pieterbruegel,,/pieterbruegel/tags/seasons/
series,Tag: Series,Series,Allegory/Proverbs and Allegory,worktags_pieterbruegel,tagpage_pieterbruegel,,/pieterbruegel/tags/series/
servants,Tag: Servants,Servants,Persons/figures,worktags_pieterbruegel,tagpage_pieterbruegel,,/pieterbruegel/tags/servants/
shells,Tag: Shells,Shells,Things,worktags_pieterbruegel,tagpage_pieterbruegel,,/pieterbruegel/tags/shells/
shepherds,Tag: Shepherds,Shepherds,Persons/figures,worktags_pieterbruegel,tagpage_pieterbruegel,,/pieterbruegel/tags/shepherds/
ship,Tag: Ship,Ship,Transportation,worktags_pieterbruegel,tagpage_pieterbruegel,,/pieterbruegel/tags/ship/
singing,Tag: Singing,Singing,Activities,worktags_pieterbruegel,tagpage_pieterbruegel,,/pieterbruegel/tags/singing/
skating,Tag: Skating,Skating,Activities,worktags_pieterbruegel,tagpage_pieterbruegel,,/pieterbruegel/tags/skating/
skeletons,Tag: Skeletons,Skeletons,Persons/figures,worktags_pieterbruegel,tagpage_pieterbruegel,,/pieterbruegel/tags/skeletons/
soldiers,Tag: Soldiers,Soldiers,Persons/figures,worktags_pieterbruegel,tagpage_pieterbruegel,,/pieterbruegel/tags/soldiers/
spinning,Tag: Spinning,Spinning,Activities,worktags_pieterbruegel,tagpage_pieterbruegel,,/pieterbruegel/tags/spinning/
staffage,Tag: Staffage,Staffage,Landscape features,worktags_pieterbruegel,tagpage_pieterbruegel,,/pieterbruegel/tags/staffage/
storm,Tag: Storm,Storm,Landscape features,worktags_pieterbruegel,tagpage_pieterbruegel,,/pieterbruegel/tags/storm/
stream,Tag: Stream,Stream,Landscape features,worktags_pieterbruegel,tagpage_pieterbruegel,,/pieterbruegel/tags/stream/
summer,Tag: Summer,Summer,Allegory/Proverbs and Allegory,worktags_pieterbruegel,tagpage_pieterbruegel,,/pieterbruegel/tags/summer/
swine,Tag: Swine,Swine,Animals,worktags_pieterbruegel,tagpage_pieterbruegel,,/pieterbruegel/tags/swine/
the-golden-legend,Tag: The Golden Legend,The Golden Legend,Religious,worktags_pieterbruegel,tagpage_pieterbruegel,,/pieterbruegel/tags/the-golden-legend/
theatrical-performance,Tag: Theatrical Performance,Theatrical Performance,Activities,worktags_pieterbruegel,tagpage_pieterbruegel,,/pieterbruegel/tags/theatrical-performance/
tools,Tag: Tools,Tools,Things,worktags_pieterbruegel,tagpage_pieterbruegel,,/pieterbruegel/tags/tools/
tower,Tag: Tower,Tower,Architecture,worktags_pieterbruegel,tagpage_pieterbruegel,,/pieterbruegel/tags/tower/
traveling,Tag: Traveling,Traveling,Activities,worktags_pieterbruegel,tagpage_pieterbruegel,,/pieterbruegel/tags/traveling/
tronie,Tag: Tronie,Tronie,Persons/figures,worktags_pieterbruegel,tagpage_pieterbruegel,,/pieterbruegel/tags/tronie/
turkey,Tag: Turkey,Turkey,Animals,worktags_pieterbruegel,tagpage_pieterbruegel,,/pieterbruegel/tags/turkey/
vanitas,Tag: Vanitas,Vanitas,Allegory/Proverbs and Allegory,worktags_pieterbruegel,tagpage_pieterbruegel,,/pieterbruegel/tags/vanitas/
vase,Tag: Vase,Vase,Containers,worktags_pieterbruegel,tagpage_pieterbruegel,,/pieterbruegel/tags/vase/
village,Tag: Village,Village,Architecture,worktags_pieterbruegel,tagpage_pieterbruegel,,/pieterbruegel/tags/village/
virgin-mary,Tag: Virgin Mary,Virgin Mary,Religious,worktags_pieterbruegel,tagpage_pieterbruegel,,/pieterbruegel/tags/virgin-mary/
volcano,Tag: Volcano,Volcano,Landscape features,worktags_pieterbruegel,tagpage_pieterbruegel,,/pieterbruegel/tags/volcano/
wagon,Tag: Wagon,Wagon,Transportation,worktags_pieterbruegel,tagpage_pieterbruegel,,/pieterbruegel/tags/wagon/
waterfall,Tag: Waterfall,Waterfall,Landscape features,worktags_pieterbruegel,tagpage_pieterbruegel,,/pieterbruegel/tags/waterfall/
watermill,Tag: Watermill,Watermill,Architecture,worktags_pieterbruegel,tagpage_pieterbruegel,,/pieterbruegel/tags/watermill/
weaponry,Tag: Weaponry,Weaponry,Things,worktags_pieterbruegel,tagpage_pieterbruegel,,/pieterbruegel/tags/weaponry/
wedding,Tag: Wedding,Wedding,Activities,worktags_pieterbruegel,tagpage_pieterbruegel,,/pieterbruegel/tags/wedding/
whale,Tag: Whale,Whale,Animals,worktags_pieterbruegel,tagpage_pieterbruegel,,/pieterbruegel/tags/whale/
windmill,Tag: Windmill,Windmill,Architecture,worktags_pieterbruegel,tagpage_pieterbruegel,,/pieterbruegel/tags/windmill/
winter,Tag: Winter,Winter,Allegory/Proverbs and Allegory,worktags_pieterbruegel,tagpage_pieterbruegel,,/pieterbruegel/tags/winter/
witches,Tag: Witches,Witches,Persons/figures,worktags_pieterbruegel,tagpage_pieterbruegel,,/pieterbruegel/tags/witches/
